Top queries,Clicks,Impressions,CTR,Position
procurement solutions provider,1,191,0.52%,53.54
procurement support services,1,179,0.56%,14.84
procurement solutions,1,87,1.15%,29.4
procurement companies in dubai,1,31,3.23%,14.13
procurement vendors,1,10,10%,7
procurement company in dubai,1,8,12.5%,10.25
procurement services firms,0,279,0%,20.41
sourcing and procurement providers,0,277,0%,8.87
procurement services companies,0,260,0%,17.25
procurement providers,0,252,0%,23.11
sourcing services providers,0,244,0%,9.59
procurement services providers,0,244,0%,16.42
procurement service provider,0,228,0%,27.97
procurement services,0,213,0%,6.89
sourcing services firms,0,211,0%,22.01
procurement firms,0,194,0%,46.95
sourcing services vendors,0,183,0%,13.87
procurement advice support service,0,182,0%,12.75
procurement operations services,0,172,0%,7.51
sourcing services,0,168,0%,8.64
sourcing providers,0,164,0%,16.76
end to end procurement providers,0,150,0%,12.32
top procurement services,0,143,0%,9.74
sourcing support services,0,138,0%,7.43
best procurement services,0,136,0%,5.76
procurement solution providers,0,135,0%,42.6
sourcing services companies,0,134,0%,14.78
end-to-end procurement providers,0,128,0%,12.66
procurement logistics services,0,128,0%,29.56
procurement outsourcing companies,0,119,0%,23.48
procurement outsourcing providers,0,110,0%,29.51
procurement bpo companies,0,110,0%,39.81
procurement support,0,108,0%,9.21
procurement consulting companies,0,103,0%,65.51
sourcing consultants,0,101,0%,65.33
procurement consultancy services,0,100,0%,74.6
procurement consulting firms,0,99,0%,67.43
procurement consultants,0,99,0%,68.99
procurement consulting services,0,96,0%,84.65
procurement advisory firms,0,93,0%,67.7
procurement strategy services,0,90,0%,75.73
sourcing logistics services,0,89,0%,31.49
procurement consulting providers,0,85,0%,72.44
powerful procurement solutions,0,81,0%,10.83
procurement bpo consultants,0,80,0%,45.83
procurement strategy providers,0,79,0%,60.22
procurement bpo services,0,78,0%,6.12
procurement consulting,0,75,0%,87.13
procurement bpo providers,0,73,0%,21.93
global procurement support,0,70,0%,39.61
procurement outsourcing firms,0,70,0%,49.81
procurement solutions dubai,0,69,0%,3.3
procurement software dubai,0,69,0%,30.86
purchasing services,0,63,0%,11.9
retail procurement consultants,0,63,0%,76.48
procuement solutions provider,0,54,0%,52.59
e procurement companies,0,54,0%,66.76
procurement system dubai,0,52,0%,18.63
procurement agency,0,52,0%,35.65
procurement outsourcing uae,0,50,0%,9.14
procurement strategy companies,0,50,0%,58.06
sourcing support consultants,0,49,0%,66.53
procurement companies,0,48,0%,9.85
eprocurement companies,0,48,0%,79.27
procurement management consultants,0,47,0%,82.77
procurement strategy consultants,0,46,0%,83.78
consumer packaged goods procurement services,0,45,0%,76.42
managed procurement services,0,43,0%,31.84
procurement management software dubai,0,42,0%,68.64
procurement company,0,37,0%,23.19
procurement operations consultants,0,36,0%,82.47
procurement m&a providers,0,30,0%,59.17
procurement strategy firms,0,30,0%,72.8
end-to-end procurement consultants,0,29,0%,50.17
end to end procurement consultants,0,29,0%,52.97
product sourcing services in uae,0,25,0%,35.52
strategic sourcing firms,0,25,0%,68.28
indirect procurement bpo consultants,0,24,0%,71.46
procurement consulting business,0,24,0%,80.25
procurement services dubai,0,23,0%,2
procurement bpo vendors,0,23,0%,19.65
procurement managed services,0,23,0%,49.09
procurement professional services,0,23,0%,60.61
procurement management companies,0,22,0%,12.64
supply chain outsourcing providers,0,22,0%,60.86
strategic sourcing companies,0,22,0%,72.82
compliant goods and services purchasing,0,21,0%,57.9
packaging procurement consultants,0,21,0%,89.76
vendor sourcing service,0,20,0%,4.65
procurement support services in uae,0,20,0%,5.1
procurement transformation services,0,20,0%,70.85
procurement companies dubai,0,19,0%,18.42
procurement transformation contracting,0,19,0%,86.42
end-to-end procurement services,0,18,0%,18.39
construction procurement services in dubai,0,18,0%,19.11
retail industry procurement solutions,0,17,0%,61.24
procurement service,0,16,0%,14.06
sourcing services uae,0,16,0%,14.12
procurement software uae,0,16,0%,55.06
dubai procurement companies,0,15,0%,6.47
sourcing companies,0,15,0%,7
food & beverage procurement services,0,15,0%,46.53
sourcing consulting,0,15,0%,80.47
end to end procurement services,0,14,0%,14.64
sourcing consultant,0,14,0%,72
professional procurement and contract management services in uae,0,13,0%,23.85
procurement bpo firms,0,13,0%,29.85
retail procurement managed services,0,13,0%,49.23
sourcing support consulting,0,13,0%,68.62
strategic sourcing providers,0,13,0%,80.23
industrial procurement services,0,12,0%,15
b2b procurement companies,0,12,0%,21
strategic procurement solutions for businesses in dubai,0,12,0%,21.5
best procurement and logistics services in dubai uae,0,11,0%,32.73
supply network providers,0,11,0%,72.45
indirect procurement bpo providers,0,11,0%,80.64
textile procurement and logistics solutions uae,0,10,0%,16.1
procurement systems providers,0,10,0%,64.8
procurement strategy consulting,0,10,0%,81.4
cpg procurement managed services,0,9,0%,9.33
supply chain bpo vendors,0,9,0%,38.11
direct procurement services,0,9,0%,61.44
insurance procurement,0,9,0%,65.44
supply chain outsourcing services,0,9,0%,85.67
procurement consultancy in uae,0,8,0%,31.25
network procurement,0,8,0%,56.12
procurement consultancy services uae,0,8,0%,57
best procurement company,0,8,0%,58.38
oil and gas procurement services,0,8,0%,71.12
procurement packaging,0,8,0%,86.75
source to contract outsourcing,0,7,0%,1
procurement companies in uae,0,7,0%,8.71
professional procurement companies dubai,0,7,0%,14.86
middle east supplier evaluation service,0,7,0%,30
procurement consulting in uae,0,7,0%,45.29
indirect procurement bpo companies,0,7,0%,70.14
procurement management software in uae,0,7,0%,73.43
oil and gas procurement companies,0,7,0%,80
low-cost country sourcing consultants,0,7,0%,82.57
procurement advisory,0,7,0%,92.57
best sourcing procurement company in dubai,0,6,0%,18.67
procurement services for hospitality industry dubai,0,6,0%,45
consumer goods procurement,0,6,0%,75.67
low cost country sourcing consultants,0,6,0%,84.5
supply chain consulting procurement,0,6,0%,86.83
source to contract consultants,0,6,0%,87.5
procurement and packaging,0,6,0%,90.5
reliable procurement services dubai,0,5,0%,1.8
it procurement services,0,5,0%,3.4
procurement support saudi arabia,0,5,0%,22.6
supply chain supplier dubai,0,5,0%,42.4
reliable power supply chain management in uae,0,5,0%,45.2
procurement outsourcing services,0,5,0%,53.6
marketing services procurement,0,5,0%,64.6
procurement strategy in dubai,0,5,0%,70.4
best procurement consulting,0,5,0%,74.8
consumer packaged goods procurement solutions,0,5,0%,76.6
synergi,0,4,0%,6.75
uae procurement providers,0,4,0%,7.25
procurement in dubai,0,4,0%,21.25
digital procurement services,0,4,0%,52.25
supply chain provider in uae,0,4,0%,52.75
food and beverage procurement solutions,0,4,0%,60
supply chain services,0,4,0%,64
it procurement consulting,0,4,0%,84
spend management outsourcing,0,3,0%,1
industrial procurement company,0,3,0%,4.33
what are procurement services,0,3,0%,4.67
sourcing suppliers,0,3,0%,6.67
construction procurement services in abu dhabi,0,3,0%,11.67
procurement in service industry,0,3,0%,19.33
procurement in uae,0,3,0%,19.33
procurement bpo middle east,0,3,0%,23.33
خدمات المشتريات,0,3,0%,25
procurement consultant dubai,0,3,0%,50.33
procurement consultant,0,3,0%,73.67
uae consumer goods consulting,0,3,0%,87.33
renewed hospitality procurement consultancy in uae,0,3,0%,88.67
strategic sourcing consultants,0,3,0%,99
procurement services company,0,2,0%,7.5
sourcing and procurement company,0,2,0%,8.5
purchasing through catalogue services in uae,0,2,0%,11
oil and gas procurement services dubai,0,2,0%,17
oil and gas procurement solutions dubai,0,2,0%,18.5
procurement outsourcing company,0,2,0%,30
oil and gas procurement solutions uae,0,2,0%,32.5
supplier management software dubai,0,2,0%,63
procurement solution,0,2,0%,74.5
abu dhabi supply chain strategy consulting,0,2,0%,84
energy procurement services,0,2,0%,84
outsourcing in procurement,0,1,0%,1
procurement outsourcing,0,1,0%,1
supplier purchase,0,1,0%,1
in dubai,0,1,0%,3
sourcing and procurement companies,0,1,0%,5
industry procurement,0,1,0%,6
procurement,0,1,0%,6
sourcing support,0,1,0%,6
outsourcing procurement companies,0,1,0%,7
procured services,0,1,0%,7
procurment services,0,1,0%,8
procurement and delivery,0,1,0%,9
small,0,1,0%,9
what is procurement services,0,1,0%,9
procurement suppliers,0,1,0%,10
purchasing company,0,1,0%,10
services procurement,0,1,0%,10
supplier source,0,1,0%,10
purchasing support,0,1,0%,11
corporate services procurement,0,1,0%,17
gcc procurement,0,1,0%,18
procurement management company,0,1,0%,18
procurement outsourcing service providers,0,1,0%,18
procurement dubai,0,1,0%,19
procurement center,0,1,0%,21
uae procurement,0,1,0%,21
procurement firm,0,1,0%,23
procurement uae,0,1,0%,26
it procurement solutions,0,1,0%,31
restaurant procurement uae,0,1,0%,31
dmcc compliant freight procurement software dubai,0,1,0%,34
chartered buying group,0,1,0%,46
hospitality procurement companies in uae,0,1,0%,46
top procurement solution companies,0,1,0%,53
f&b procurement consulting uae,0,1,0%,54
supplier company,0,1,0%,55
hospitality procurement consultancy in uae,0,1,0%,57
united arab emirates procurement cost optimization consulting,0,1,0%,58
procurement consultancy firms,0,1,0%,60
procurement bpo consulting,0,1,0%,64
procurement consultant companies,0,1,0%,65
supply management strategy in dubai,0,1,0%,72
united arab emirates procurement maturity assessment consulting,0,1,0%,72
middle east supply chain consulting,0,1,0%,73
publicity and marketing support services suppliers,0,1,0%,76
supply chain solutions provider,0,1,0%,80
supplying company,0,1,0%,80
consultancy procurement,0,1,0%,82
procurement bpo,0,1,0%,83
gcc vendor evaluation,0,1,0%,88
supply chain companies in uae,0,1,0%,89
global procurement company,0,1,0%,100