Top pages,Clicks,Impressions,CTR,Position
https://synergi.ae/,207,7678,2.7%,22.62
https://synergi.ae/procurement/,20,9899,0.2%,31.89
https://synergi.ae/our-leadership/,19,735,2.59%,9.46
https://synergi.ae/global-locations/,16,794,2.02%,10.43
https://synergi.ae/contact-us/,9,890,1.01%,9.13
https://synergi.ae/shared-services-uae/,8,295,2.71%,9
https://synergi.ae/engagement-team/,8,264,3.03%,12.45
https://synergi.ae/our-services/procurement/,7,11765,0.06%,31.77
https://synergi.ae/our-approach/,4,190,2.11%,5.38
https://synergi.ae/bpo-in-syria-economic-transformation/,3,610,0.49%,14.71
https://synergi.ae/about-us/,3,450,0.67%,5.73
https://synergi.ae/why-marketing-belongs-in-shared-services-and-why-your-competitors-are-already-there/,3,397,0.76%,9.93
https://synergi.ae/blog/,3,66,4.55%,7.15
https://synergi.ae/business-process-engineering-bpo-transformation/,1,551,0.18%,9.29
https://synergi.ae/our-services/,1,269,0.37%,6.75
https://synergi.ae/our-services/human-resources/,1,104,0.96%,11.45
https://synergi.ae/nejmeh-club-appoints-synergi-as-official-bpo-and-transformation-partner/,1,14,7.14%,6.5
https://synergi.ae/why-businesses-in-riyadh-are-turning-to-bpo-services/,0,113,0%,10.99
https://synergi.ae/executive-podcast/,0,102,0%,6.64
https://synergi.ae/b2b-website-ready-for-ai-search/,0,83,0%,6.48
https://synergi.ae/procurement-services-uae/,0,73,0%,35.56
https://synergi.ae/synergi-partners-with-the-international-customer-experience-institute-icxi/,0,64,0%,16.97
https://synergi.ae/pif-strategy-2026-2030-business-opportunities-ksa/,0,48,0%,16.73
https://synergi.ae/our-services/technology-ai/,0,45,0%,26.87
https://synergi.ae/how-smart-procurement-transforms-business-performance-in-the-uae/,0,44,0%,8.77
https://synergi.ae/odoo-erp-gcc-businesses/,0,28,0%,12.43
https://synergi.ae/our-services/marketing/,0,23,0%,16.48
https://synergi.ae/category/human-resources/,0,9,0%,11.78
https://synergi.ae/hr-digital-transformation-guide/,0,7,0%,5.86
https://synergi.ae/nejmeh-club-appoints-synergi-as-official-bpo-and-transformation-partne/,0,6,0%,4.5
https://synergi.ae/workflow-automation-reducing-workflow-chaos/,0,6,0%,12.83
https://synergi.ae/poor-inventory-data-hidden-supply-chain-cost/,0,6,0%,30.17
https://synergi.ae/building-effective-shared-services-the-synergi-approach/,0,4,0%,2.25
https://synergi.ae/category/synergi-news/,0,4,0%,4.25
https://synergi.ae/procurement-bpo-readiness-checklist/,0,3,0%,5.67
https://synergi.ae/beyond-payroll-how-modern-hr-services-drive-organizational-growth/,0,3,0%,43.33
https://synergi.ae/women-leadership-bpo/,0,2,0%,2.5
https://synergi.ae/scaling-smart-where-ai-meets-human-centered-growth/,0,1,0%,4