Country,Clicks,Impressions,CTR,Position
United Arab Emirates,16,18146,0.09%,17.38
United Kingdom,0,229,0%,24.34
United States,0,156,0%,19.56
Saudi Arabia,0,133,0%,49.23
Germany,0,65,0%,16.62
Qatar,0,37,0%,45.3
India,0,14,0%,41.86
Brazil,0,10,0%,51.5
Indonesia,0,9,0%,58.67
Mexico,0,9,0%,64.78
Canada,0,7,0%,43
Somalia,0,4,0%,5.75
Spain,0,4,0%,8.25
Oman,0,4,0%,35
Sweden,0,4,0%,46.75
Singapore,0,4,0%,71.5
Netherlands,0,3,0%,7
Nigeria,0,3,0%,10
Vietnam,0,3,0%,18.67
Austria,0,3,0%,28.33
Australia,0,3,0%,74.33
France,0,2,0%,6
Philippines,0,2,0%,17
Turkey,0,2,0%,24
Japan,0,2,0%,36.5
Peru,0,2,0%,47.5
Norway,0,2,0%,55.5
Hong Kong,0,2,0%,58
Bangladesh,0,1,0%,1
Maldives,0,1,0%,1
Finland,0,1,0%,5
Djibouti,0,1,0%,6
Macedonia,0,1,0%,6
Colombia,0,1,0%,7
Honduras,0,1,0%,7
Kazakhstan,0,1,0%,7
Argentina,0,1,0%,10
Portugal,0,1,0%,10
Tunisia,0,1,0%,11
Egypt,0,1,0%,12
Ghana,0,1,0%,12
Georgia,0,1,0%,13
Iraq,0,1,0%,13
Thailand,0,1,0%,13
Pakistan,0,1,0%,14
Kuwait,0,1,0%,15
Algeria,0,1,0%,16
Dominican Republic,0,1,0%,20
China,0,1,0%,58
Ireland,0,1,0%,66
Denmark,0,1,0%,71